{
  "total":{
    "bid":34640.84,
    "ask":28177,
    "bid_vol":72004.45209923558,
    "bid_money":8.069190261576135E7,
    "bid_count":2043,
    "ask_vol":705.279493685853,
    "ask_money":2.8097732739571586E7,
    "ask_count":3166
  },
  "LOC":{
    "bid":34640.84,
    "ask":28599,
    "bid_vol":133.96306564555107,
    "bid_money":3371728,
    "bid_count":44,
    "ask_vol":9.287490217740594,
    "ask_money":295243.05999999994,
    "ask_count":39
  },
  "NEG":{
    "bid":28651.06,
    "ask":29000,
    "bid_vol":27.201358630000072,
    "bid_money":691672.7484968888,
    "bid_count":172,
    "ask_vol":96.45475385000007,
    "ask_money":3642650.362820844,
    "ask_count":517
  },
  "BZX":{
    "bid":28490,
    "ask":28730,
    "bid_vol":209.27711133,
    "bid_money":255057.95677554264,
    "bid_count":115,
    "ask_vol":45.123784280000095,
    "ask_money":2742508.7683363473,
    "ask_count":378
  },
  "BTD":{
    "bid":28449.99,
    "ask":28539.17,
    "bid_vol":37.32272151000001,
    "bid_money":1010828.1710193673,
    "bid_count":207,
    "ask_vol":37.14537571999997,
    "ask_money":1143024.4327180602,
    "ask_count":212
  },
  "FOX":{
    "bid":28391,
    "ask":28539.25,
    "bid_vol":115.08703328000006,
    "bid_money":3083043.378325947,
    "bid_count":475,
    "ask_vol":113.03839516999997,
    "ask_money":3515165.6915648067,
    "ask_count":516
  },
  "MBT":{
    "bid":28187.52,
    "ask":28250,
    "bid_vol":69638.02266800003,
    "bid_money":6.969655020739098E7,
    "bid_count":697,
    "ask_vol":278.91110799999973,
    "ask_money":9955571.864577295,
    "ask_count":961
  },
  "B2U":{
    "bid":28177,
    "ask":28177,
    "bid_vol":1835.5023408400002,
    "bid_money":2582808.2385045458,
    "bid_count":324,
    "ask_vol":125.29748644811546,
    "ask_money":6802692.760454261,
    "ask_count":538
  },
  "ARN":{
    "bid":1000,
    "ask":39000,
    "bid_vol":8.0758,
    "bid_money":213.91524799999996,
    "bid_count":9,
    "ask_vol":0.0211,
    "ask_money":875.7991,
    "ask_count":5
  }
}