{
  "timestamp":{
    "total":1527462676,
    "exchanges":{
      "NEG":1527461688,
      "MBT":1527462583,
      "LOC":1527457803,
      "FOX":1527462514,
      "FLW":1527460470,
      "BZX":1527462467,
      "BTD":1527462639,
      "B2U":1527458509
    }
  },
  "ticker_24h":{
    "total":{
      "last":28133.31288628926,
      "high":30466.6,
      "low":25552.84,
      "vol":397.57194520724215,
      "vwap":28246.689666510414,
      "money":1.1230091356379852E7,
      "trades":4638
    },
    "exchanges":{
      "NEG":{
        "last":28361,
        "open":28600.2,
        "high":28790,
        "low":28250,
        "vol":266.76677881999984,
        "vwap":28521.766798718018,
        "money":7608659.855149224,
        "trades":1207
      },
      "MBT":{
        "last":27315,
        "open":27797.87992,
        "high":27990,
        "low":27260,
        "vol":23.69792513999998,
        "vwap":27536.279894160532,
        "money":652552.6995659029,
        "trades":808
      },
      "LOC":{
        "last":28862.63,
        "open":28694.07,
        "high":30466.6,
        "low":25552.84,
        "vol":0.51924394,
        "vwap":28112.10386789801,
        "money":14597.039574056602,
        "trades":15
      },
      "FOX":{
        "last":27803.99,
        "open":27899.9,
        "high":27999.94,
        "low":27425,
        "vol":52.245411379999794,
        "vwap":27742.109112475402,
        "money":1449397.9031301183,
        "trades":1862
      },
      "FLW":{
        "last":28549,
        "open":27800,
        "high":28549,
        "low":27190,
        "vol":0.13809,
        "vwap":28341.73376855674,
        "money":3913.7100161,
        "trades":8
      },
      "BZX":{
        "last":27799.99,
        "open":28149.98,
        "high":28149.98,
        "low":27590.39,
        "vol":6.20840538,
        "vwap":27807.630443300917,
        "money":172641.0424492412,
        "trades":127
      },
      "BTD":{
        "last":27500,
        "open":27701.02,
        "high":27999.91,
        "low":27400.99,
        "vol":30.113025410000006,
        "vwap":27613.16510757392,
        "money":831515.942534899,
        "trades":435
      },
      "B2U":{
        "last":27833,
        "open":28000.02,
        "high":28338.35,
        "low":27232,
        "vol":17.883065137242518,
        "vwap":27781.208654531223,
        "money":496813.1639603074,
        "trades":176
      }
    }
  },
  "ticker_12h":{
    "total":{
      "last":28201.964785774515,
      "high":30466.6,
      "low":25552.84,
      "vol":335.6525536410889,
      "vwap":28330.285936816017,
      "money":9509132.820074525,
      "trades":2581
    },
    "exchanges":{
      "NEG":{
        "last":28361,
        "open":28300.01,
        "high":28790,
        "low":28250.01,
        "vol":257.0790640999998,
        "vwap":28525.441386841743,
        "money":7333293.774768676,
        "trades":1146
      },
      "MBT":{
        "last":27315,
        "open":27310,
        "high":27990,
        "low":27301.1,
        "vol":15.617735759999995,
        "vwap":27588.130310410525,
        "money":430864.1293004382,
        "trades":524
      },
      "LOC":{
        "last":28862.63,
        "open":28670.2,
        "high":30466.6,
        "low":25552.84,
        "vol":0.42804794999999995,
        "vwap":27919.86146992201,
        "money":11951.0394664841,
        "trades":11
      },
      "FOX":{
        "last":27803.99,
        "open":27947,
        "high":27952,
        "low":27425,
        "vol":30.454230019999983,
        "vwap":27736.090741344364,
        "money":844681.2872924932,
        "trades":504
      },
      "FLW":{
        "last":28549,
        "open":28549,
        "high":28549,
        "low":28549,
        "vol":0.10209,
        "vwap":28549,
        "money":2914.56741,
        "trades":1
      },
      "BZX":{
        "last":27799.99,
        "open":28039.98,
        "high":28039.98,
        "low":27590.39,
        "vol":3.5753362200000005,
        "vwap":27727.888399537645,
        "money":99136.52369898479,
        "trades":81
      },
      "BTD":{
        "last":27500,
        "open":27559.03,
        "high":27900,
        "low":27400.99,
        "vol":13.77932031,
        "vwap":27649.82907133085,
        "money":380995.8512906176,
        "trades":208
      },
      "B2U":{
        "last":27833,
        "open":28001.05,
        "high":28002,
        "low":27232,
        "vol":14.616729281089096,
        "vwap":27728.20369405047,
        "money":405295.6468468303,
        "trades":106
      }
    }
  },
  "ticker_1h":{
    "total":{
      "last":27666.355565347352,
      "high":28549,
      "low":27313.01,
      "vol":6.62189815,
      "vwap":27757.438538706956,
      "money":183806.93090820228,
      "trades":82
    },
    "exchanges":{
      "NEG":{
        "last":28361,
        "open":28361,
        "high":28361,
        "low":28361,
        "vol":0.0105,
        "vwap":28361,
        "money":297.7905,
        "trades":1
      },
      "MBT":{
        "last":27315,
        "open":27499,
        "high":27699,
        "low":27313.01,
        "vol":2.01509748,
        "vwap":27434.54916769781,
        "money":55283.29089276396,
        "trades":54
      },
      "FOX":{
        "last":27803.99,
        "open":27800.99,
        "high":27898.99,
        "low":27800.99,
        "vol":4.25699669,
        "vwap":27897.43044752419,
        "money":118759.2690746157,
        "trades":11
      },
      "FLW":{
        "last":28549,
        "open":28549,
        "high":28549,
        "low":28549,
        "vol":0.10209,
        "vwap":28549,
        "money":2914.56741,
        "trades":1
      },
      "BZX":{
        "last":27799.99,
        "open":27595.03,
        "high":27799.99,
        "low":27595.03,
        "vol":0.16777029999999998,
        "vwap":27604.250043225173,
        "money":4631.1733110269,
        "trades":7
      },
      "BTD":{
        "last":27500,
        "open":27698.99,
        "high":27698.99,
        "low":27480.03,
        "vol":0.06944368000000001,
        "vwap":27660.396450702203,
        "money":1920.8397197956997,
        "trades":8
      }
    }
  },
  "rates":{
    "USDCBRL":3.6651,
    "USDTBRL":3.88
  }
}